CRM, CRMPERFORMANCE, MOT, fusionapps/crm/components/crmPerformance/mot/quotas/ui/public_html/WEB-INF/adfc-config.xml, BEAN: CADynamicRegionBean,oracle.apps.sales.territoryMgmt.quotas.ui.bean.CADynamicRegionBean,backingBean;
CRM, CRMCOMMON, ZCA, fusionapps/crm/components/crmCommon/zca/custExtn/ui/public_html/WEB-INF/adfc-config.xml, BEAN: extn_ui_local_menu,oracle.apps.fnd.applcore.patterns.uishell.model.ApplicationsMenuModel,request;createHiddenNodes:false topRootModel:/WEB-INF/root_menu.xml source:/WEB-INF/oracle/apps/crmCommon/menu/extn_ui_local_menu.xml 
CRM, CRMCOMMON, ZCA, fusionapps/crm/components/crmCommon/zca/custExtn/ui/public_html/WEB-INF/adfc-config.xml, view: ExtensibilityHome, /WEB-INF/ExtensibilityHome.jspx
CRM, CONTRACTMANAGEMENT, OKC, fusionapps/crm/components/contractManagement/okc/coreAuthoring/header/ui/public_html/WEB-INF/adfc-config.xml, BEAN: ApprovalHistoryBean,oracle.apps.contracts.coreAuthoring.header.ui.bean.ApprovalHistoryBean,pageFlow;
CRM, SALES, ZCM, fusionapps/crm/components/sales/zcm/application360/publicUi/public_html/WEB-INF/adfc-config.xml, BEAN: ZcmMetaPortletsBean,oracle.apps.customerCenter.application360.publicUi.bean.ZcmMetaPortletsBean,request;
CRM, SALES, ZBS, fusionapps/crm/components/sales/zbs/salesHomePage/ui/public_html/WEB-INF/adfc-config.xml, BEAN: MyCalendarBean,oracle.apps.sales.baseSales.homepage.ui.bean.MyCalendarBean,request;
CRM, SALES, ZPM, fusionapps/crm/components/sales/zpm/channelDashboard/ui/public_html/WEB-INF/adfc-config.xml, BEAN: PartnerSearch_taskmenu,oracle.apps.fnd.applcore.patterns.uishell.model.ApplicationsMenuModel,request;source:/WEB-INF/oracle/apps/channeldashboard/ui/menu/PartnerSearch_taskmenu.xml createHiddenNodes:false 
CRM, CRMCOMMON, ZCX, fusionapps/crm/components/crmCommon/zcx/configurator/publicUi/public_html/WEB-INF/adfc-config.xml, BEAN: tabTracker,oracle.apps.crmCommon.extensibility.configurator.publicUi.bean.ExtnTabTracker,request;
CRM, SALES, MKT, fusionapps/crm/components/sales/mkt/salesCampaigns/ui/public_html/WEB-INF/adfc-config.xml, view: test, /oracle/apps/marketing/salesCampaigns/ui/page/test.jspx
FIN, FINANCIALCOMMON, FUN, fusionapps/fin/components/financialCommon/fun/fuse/homePage/ui/public_html/WEB-INF/adfc-config.xml, view: FinancialsFusionHome, /oracle/apps/financials/commonModules/fuse/homePage/page/FinancialsFusionHome.jspx
FIN, LEDGER, GL, fusionapps/fin/components/ledger/gl/journals/corrections/di/public_html/WEB-INF/adfc-config.xml, view: ProtectedWebPage, /oracle/apps/financials/generalLedger/journals/corrections/di/page/ProtectedWebPage.jspx
FIN, LEDGER, GL, fusionapps/fin/components/ledger/gl/journals/corrections/di/public_html/WEB-INF/adfc-config.xml, view: DatePicker, /oracle/apps/financials/generalLedger/journals/corrections/di/page/DatePicker.jspx
FIN, PAYABLES, FA, fusionapps/fin/components/payables/fa/adjustments/capitalization/ui/public_html/WEB-INF/adfc-config.xml, BEAN: CallContainerTaskFlow_taskmenu,oracle.apps.fnd.applcore.patterns.uishell.model.ApplicationsMenuModel,request;source:/WEB-INF/oracle/apps/financials/assets/adjustments/capitalization/ui/menu/CallContainerTaskFlow_taskmenu.xml createHiddenNodes:false 
FIN, PAYABLES, FA, fusionapps/fin/components/payables/fa/adjustments/capitalization/ui/public_html/WEB-INF/adfc-config.xml, view: CallContainerTaskFlow, /oracle/apps/financials/assets/adjustments/capitalization/ui/page/CallContainerTaskFlow.jspx
FIN, LEDGER, GL, fusionapps/fin/components/ledger/gl/accounts/codeCombinations/di/public_html/WEB-INF/adfc-config.xml, view: TestPage, /oracle/apps/financials/generalLedger/accounts/codeCombinations/di/page/ImportAcctComboTestPage.jspx
FIN, PAYABLES, FA, fusionapps/fin/components/payables/fa/adjustments/changeGroups/ui/public_html/WEB-INF/adfc-config.xml, BEAN: FinancialTransaction_taskmenu,oracle.apps.fnd.applcore.patterns.uishell.model.ApplicationsMenuModel,request;createHiddenNodes:false source:/WEB-INF/oracle/apps/financials/assets/adjustments/changeGroups/ui/menu/FinancialTransaction_taskmenu.xml 
FIN, PAYABLES, FA, fusionapps/fin/components/payables/fa/adjustments/changeGroups/ui/public_html/WEB-INF/adfc-config.xml, view: FinancialTransaction, /oracle/apps/financials/assets/adjustments/changeGroups/ui/page/FinancialTransaction.jspx
FIN, PAYABLES, FA, fusionapps/fin/components/payables/fa/additions/ui/public_html/WEB-INF/adfc-config.xml, BEAN: TileConfig,oracle.apps.financials.assets.additions.ui.page.bean.TileConfig,request;
FIN, PAYABLES, FA, fusionapps/fin/components/payables/fa/additions/ui/public_html/WEB-INF/adfc-config.xml, BEAN: AssetQueryBean,oracle.apps.financials.assets.shared.publicUi.page.bean.AssetQueryBean,request;
FIN, PAYABLES, FA, fusionapps/fin/components/payables/fa/assetsSetup/distributionSets/ui/public_html/WEB-INF/adfc-config.xml, BEAN: DistributionSetDashboard_taskmenu,oracle.apps.fnd.applcore.patterns.uishell.model.ApplicationsMenuModel,request;createHiddenNodes:false source:/WEB-INF/oracle/apps/financials/assets/assetsSetup/distributionSets/ui/menu/DistributionSetDashboard_taskmenu.xml 
FIN, PAYABLES, FA, fusionapps/fin/components/payables/fa/assetsSetup/distributionSets/ui/public_html/WEB-INF/adfc-config.xml, view: DistributionSetDashboard, /oracle/apps/financials/assets/assetsSetup/distributionSets/ui/page/DistributionSetDashboard.jspx
FIN, RECEIVABLES, AR, fusionapps/fin/components/receivables/ar/penaltyCharges/shared/ui/public_html/WEB-INF/adfc-config.xml, BEAN: SubmitRequestBean,oracle.apps.financials.receivables.penaltyCharges.shared.ui.bean.SubmitRequestBean,request;
FIN, PAYABLES, FA, fusionapps/fin/components/payables/fa/adjustments/search/ui/public_html/WEB-INF/adfc-config.xml, BEAN: SearchBean,oracle.apps.financials.assets.adjustments.search.ui.bean.SearchBean,request;
FIN, RECEIVABLES, AR, fusionapps/fin/components/receivables/ar/transactions/adjustments/ui/public_html/WEB-INF/adfc-config.xml, BEAN: TestViewBean,oracle.apps.financials.receivables.transactions.adjustments.ui.bean.TestViewBean,request;
FIN, FINANCIALCOMMON, XLE, fusionapps/fin/components/financialCommon/xle/legalEntities/ui/public_html/WEB-INF/adfc-config.xml, BEAN: TabTracker,oracle.apps.financials.publicUi.util.TabTracker,request;
HCM, HCMBENEFITS, PLANDESIGNS, fusionapps/hcm/components/hcmBenefits/planDesigns/misc/publicUi/public_html/WEB-INF/adfc-config.xml, view: DerivedFactors, /oracle/apps/hcm/planDesigns/misc/publicUi/page/DerivedFactors.jspx
FIN, FINANCIALSESS, AR, fusionapps/fin/components/financialsEss/ar/receiptSetup/publicEssUi/public_html/WEB-INF/adfc-config.xml, view: EssJobs, /EssJobs.jspx
CRM, CONTRACTMANAGEMENT, OKC, fusionapps/crm/components/contractManagement/okc/coreAuthoring/notifications/ui/public_html/WEB-INF/adfc-config.xml, view: Empty1_jspx, /Empty1.jspx
FIN, FINANCIALCOMMON, ZX, fusionapps/fin/components/financialCommon/zx/configuration/rule/ui/public_html/WEB-INF/adfc-config.xml, BEAN: UIShellMainArea_taskmenu,oracle.apps.fnd.applcore.patterns.uishell.model.ApplicationsMenuModel,request;source:/WEB-INF/oracle/apps/financials/tax/configuration/rule/ui/menu/UIShellMainArea_taskmenu.xml createHiddenNodes:false 
FIN, FINANCIALCOMMON, ZX, fusionapps/fin/components/financialCommon/zx/configuration/rule/ui/public_html/WEB-INF/adfc-config.xml, view: UIShellMainArea, /oracle/apps/financials/tax/configuration/rule/ui/page/UIShellMainArea.jspx
HCM, HCMCORE, SUPERWEB, fusionapps/hcm/components/hcmCore/SuperWeb/public_html/WEB-INF/adfc-config.xml, view: AddPersonUiShellMainPage, /oracle/apps/hcm/superweb/page/HcmCoreSuperWebWorkArea.jspx
FIN, FINANCIALCOMMON, ZX, fusionapps/fin/components/financialCommon/zx/transaction/publicUi/public_html/WEB-INF/adfc-config.xml, BEAN: UIShellMainPage_taskmenu,oracle.apps.fnd.applcore.patterns.uishell.model.ApplicationsMenuModel,request;source:/WEB-INF/oracle/apps/financials/tax/transaction/publicUi/context/menu/UIShellMainPage_taskmenu.xml createHiddenNodes:false 
FIN, FINANCIALCOMMON, ZX, fusionapps/fin/components/financialCommon/zx/transaction/publicUi/public_html/WEB-INF/adfc-config.xml, view: UIShellMainPage, /oracle/apps/financials/tax/transaction/publicUi/page/UIShellMainPage.jspx
HCM, HCMCORE, SUPERWEB, fusionapps/hcm/components/hcmCore/SuperWeb/public_html/WEB-INF/adfc-config.xml, view: HcmIntWA, /oracle/apps/hcm/superweb/page/HcmCoreSuperWebWorkArea.jspx
HCM, HCMCORE, SUPERWEB, fusionapps/hcm/components/hcmCore/SuperWeb/public_html/WEB-INF/adfc-config.xml, view: PersonSearch, /oracle/apps/hcm/superweb/page/HcmCoreSuperWebWorkArea.jspx
HCM, HCMCORE, INTEGRATEDWORKAREAS, fusionapps/hcm/components/hcmCore/integratedWorkAreas/workforce/public_html/WEB-INF/adfc-config.xml, BEAN: PersonSearch_taskmenu,oracle.apps.fnd.applcore.patterns.uishell.model.ApplicationsMenuModel,request;source:/WEB-INF/oracle/apps/hcm/integratedWorkAreas/workforce/ui/menu/PersonSearch_taskmenu.xml createHiddenNodes:false 
HCM, HCMCORE, EMPLOYMENT, fusionapps/hcm/components/hcmCore/employment/absences/ui/public_html/WEB-INF/adfc-config.xml, BEAN: Initial_taskmenu,oracle.apps.fnd.applcore.patterns.uishell.model.ApplicationsMenuModel,request;source:/WEB-INF/oracle/apps/hcm/employment/absences/ui/menu/Initial_taskmenu.xml createHiddenNodes:false 
HCM, HCMCORE, EMPLOYMENT, fusionapps/hcm/components/hcmCore/employment/absences/ui/public_html/WEB-INF/adfc-config.xml, view: Initial, /oracle/apps/hcm/employment/absences/ui/page/Initial.jspx
HCM, HCMCORE, PEOPLE, fusionapps/hcm/components/hcmCore/people/core/ui/public_html/WEB-INF/adfc-config.xml, BEAN: AllPagesMenuPage_taskmenu,oracle.apps.fnd.applcore.patterns.uishell.model.ApplicationsMenuModel,request;createHiddenNodes:false source:/WEB-INF/oracle/apps/hcm/people/core/ui/menu/AllPagesMenuPage_taskmenu.xml 
CRM, CONTRACTMANAGEMENT, SUPERWEB, fusionapps/crm/components/contractManagement/SuperWeb/public_html/WEB-INF/adfc-config.xml, view: index, /index.jspx
HCM, HCMPAYROLL, PAYROLLS, fusionapps/hcm/components/hcmPayroll/payrolls/costs/results/publicUiInternal/public_html/WEB-INF/adfc-config.xml, BEAN: AccountingWorkarea_taskmenu,oracle.apps.fnd.applcore.patterns.uishell.model.ApplicationsMenuModel,request;source:/WEB-INF/oracle/apps/hcm/payrolls/costs/results/publicUi/internal/menu/AccountingWorkarea_taskmenu.xml createHiddenNodes:false 
HCM, HCMPAYROLL, PAYROLLS, fusionapps/hcm/components/hcmPayroll/payrolls/costs/results/publicUiInternal/public_html/WEB-INF/adfc-config.xml, view: AccountingWorkarea, /oracle/apps/hcm/payrolls/costs/results/publicUi/internal/page/AccountingWorkarea.jspx
HCM, HCMPAYROLL, PAYROLLS, fusionapps/hcm/components/hcmPayroll/payrolls/costs/setup/publicUiInternal/public_html/WEB-INF/adfc-config.xml, BEAN: OrgPaymentMethodCostAccountsPage_taskmenu,oracle.apps.fnd.applcore.patterns.uishell.model.ApplicationsMenuModel,request;createHiddenNodes:false source:/WEB-INF/oracle/apps/hcm/payrolls/costs/setup/publicUi/internal/menu/OrgPaymentMethodCostAccountsPage_taskmenu.xml 
HCM, HCMPAYROLL, PAYROLLS, fusionapps/hcm/components/hcmPayroll/payrolls/costs/setup/publicUiInternal/public_html/WEB-INF/adfc-config.xml, view: OrgPaymentMethodCostAccountsPage, /oracle/apps/hcm/payrolls/costs/setup/publicUi/internal/page/OrgPaymentMethodCostAccountsPage.jspx
FIN, LEDGER, GL, fusionapps/fin/components/ledger/gl/accounts/crossValidation/di/public_html/WEB-INF/adfc-config.xml, view: view1, /oracle/apps/financials/generalLedger/accounts/crossValidation/di/page/DesktopGlCrossValidationTest.jspx
HCM, HCMABSENCES, GLOBALABSENCES, fusionapps/hcm/components/hcmAbsences/globalAbsences/setup/ui/public_html/WEB-INF/adfc-config.xml, BEAN: HcmSessionUtilBean,oracle.apps.hcm.common.core.publicUi.bean.HcmSessionUtilBean,backingBean;
HCM, HCMENGAGEMENT, VIDEOSHARE, fusionapps/hcm/components/hcmEngagement/videoshare/publicUi/public_html/WEB-INF/adfc-config.xml, BEAN: MobileShellTemplateBean,oracle.apps.hcm.engagement.videoshare.publicUi.phone.bean.MobileTemplateBean,backingBean;
HCM, HCMABSENCES, SUPERWEB, fusionapps/hcm/components/hcmAbsences/SuperWeb/public_html/WEB-INF/adfc-config.xml, BEAN: root_menu,oracle.apps.fnd.applcore.patterns.uishell.model.ApplicationsMenuModel,request;source:/WEB-INF/root_menu.xml createHiddenNodes:false 
HED, CAMPUSCOMMUNITY, HEY, fusionapps/hed/components/campusCommunity/hey/contactManagement/notifications/ui/public_html/WEB-INF/adfc-config.xml, BEAN: Home_taskmenu,oracle.apps.fnd.applcore.patterns.uishell.model.ApplicationsMenuModel,request;source:/WEB-INF/oracle/apps/hed/campusCommunity/contactManagement/notifications/ui/menu/NotificationManagement_menu.xml createHiddenNodes:false 
FIN, RECEIVABLES, VRM, fusionapps/fin/components/receivables/vrm/revenueComplianceSetup/templates/ui/public_html/WEB-INF/adfc-config.xml, view: TemplatesHome, /oracle/apps/financials/revenueManagement/revenueComplianceSetup/templates/ui/page/TemplatesHome.jspx
HED, RECORDSMANAGEMENT, HER, fusionapps/hed/components/recordsManagement/her/student/studentCurriculum/publicUi/public_html/WEB-INF/adfc-config.xml, BEAN: EnrollmentManager_menu,oracle.apps.fnd.applcore.patterns.uishell.model.ApplicationsMenuModel,request;createHiddenNodes:false source:/WEB-INF/oracle/apps/hed/studentRecords/student/studentCurriculum/publicUi/menu/EnrollmentManager_menu.xml 
PRJ, PROJECTSFINANCIALS, COSTING, fusionapps/prj/components/projectsFinancials/costing/capitalization/ui/public_html/WEB-INF/adfc-config.xml, BEAN: BaseBean,oracle.apps.projects.costing.capitalization.di.bean.BaseBean,request;
HCM, HCMCORE, PEOPLE, fusionapps/hcm/components/hcmCore/people/processes/publicUi/public_html/WEB-INF/adfc-config.xml, BEAN: UIShell_taskmenu,oracle.apps.fnd.applcore.patterns.uishell.model.ApplicationsMenuModel,request;createHiddenNodes:false source:/WEB-INF/oracle/apps/hcm/people/processes/publicUi/menu/UIShell_taskmenu.xml 
PRJ, PROJECTSFINANCIALS, FOUNDATION, fusionapps/prj/components/projectsFinancials/foundation/setup/projectStatuses/ui/public_html/WEB-INF/adfc-config.xml, view: Test, /oracle/apps/projects/foundation/setup/projectStatuses/ui/test/page/Test.jspx
PRJ, PROJECTSFINANCIALS, FOUNDATION, fusionapps/prj/components/projectsFinancials/foundation/integration/msp/ui/public_html/WEB-INF/adfc-config.xml, BEAN: mspBean,oracle.apps.projects.foundation.integration.msp.ui.bean.MSPIntegrationBean,session;
PRJ, PROJECTSFINANCIALS, FOUNDATION, fusionapps/prj/components/projectsFinancials/foundation/integration/msp/ui/public_html/WEB-INF/adfc-config.xml, BEAN: templateBean,oracle.apps.projects.foundation.integration.msp.ui.bean.TemplateBean,request;
PRJ, PROJECTSFINANCIALS, FOUNDATION, fusionapps/prj/components/projectsFinancials/foundation/integration/msp/ui/public_html/WEB-INF/adfc-config.xml, view: InstallMSPIntegration, /oracle/apps/projects/foundation/integration/msp/ui/page/InstallMSP.jspx
CRM, CRMCOMMON, ZMM, fusionapps/crm/components/crmCommon/zmm/activities/publicUi/public_html/WEB-INF/adfc-config.xml, BEAN: TestDashboard_taskmenu,oracle.apps.fnd.applcore.patterns.uishell.model.ApplicationsMenuModel,request;source:/WEB-INF/oracle/apps/crmCommon/activities/publicUi/menu/TestDashboard_taskmenu.xml createHiddenNodes:false 
CRM, CUSTOMER, SUPERWEB, fusionapps/crm/components/customer/SuperWeb/public_html/WEB-INF/adfc-config.xml, BEAN: SkinSelectorBean,oracle.apps.crmCommon.core.publicUi.customizations.bean.SkinSelectorBean,request;
PRJ, PROJECTSFINANCIALS, FOUNDATION, fusionapps/prj/components/projectsFinancials/foundation/resources/publicUi/public_html/WEB-INF/adfc-config.xml, view: UIShellTest, /oracle/apps/projects/foundation/resources/publicUi/page/UIShellTest.jspx
SCM, LOGISTICS, INV, fusionapps/scm/components/logistics/inv/lotsAndSerials/expiryActions/ui/public_html/WEB-INF/adfc-config.xml, BEAN: LotExpirationActionBean,oracle.apps.scm.inventory.lotsAndSerials.expiryActions.ui.bean.LotExpirationActionBean,pageFlow;
PRJ, PROJECTSFINANCIALS, GRANTSMANAGEMENT, fusionapps/prj/components/projectsFinancials/grantsManagement/workArea/uiWorkarea/public_html/WEB-INF/adfc-config.xml, BEAN: fndPageParams,java.util.HashMap,view;
SCM, LOGISTICS, INV, fusionapps/scm/components/logistics/inv/materialAvailability/desktopReservationsInterface/di/public_html/WEB-INF/adfc-config.xml, BEAN: ItemsSearchWebPick,oracle.apps.scm.inventory.materialAvailability.desktopReservationsInterface.di.bean.ItemsSearchWebPickBean,request;
SCM, LOGISTICS, INV, fusionapps/scm/components/logistics/inv/materialAvailability/desktopReservationsInterface/di/public_html/WEB-INF/adfc-config.xml, BEAN: ItemsWebPick,oracle.apps.scm.inventory.materialAvailability.desktopReservationsInterface.di.bean.ItemsWebPickBean,request;
SCM, LOGISTICS, WSH, fusionapps/scm/components/logistics/wsh/coreSetup/exceptions/ui/public_html/WEB-INF/adfc-config.xml, BEAN: ExceptionsSaveAndCloseHandlerBean,oracle.apps.scm.shipping.coreSetup.exceptions.ui.bean.ExceptionsSaveAndCloseHandlerBean,request;
SCM, LOGISTICS, INV, fusionapps/scm/components/logistics/inv/counting/desktopCycleCountInterface/di/public_html/WEB-INF/adfc-config.xml, BEAN: AssignPublicItemswebpick,oracle.apps.scm.inventory.counting.desktopCycleCountInterface.di.bean.AssignPublicItemswebpickBean,request;
SCM, ORCHESTRATIONINFRASTRUCTURE, DOO, fusionapps/scm/components/orchestrationInfrastructure/doo/orchInfra/uiConstraintsFwk/public_html/WEB-INF/adfc-config.xml, BEAN: ProcessConstraintWorkarea_taskmenu,oracle.apps.fnd.applcore.patterns.uishell.model.ApplicationsMenuModel,request;createHiddenNodes:false source:/WEB-INF/oracle/apps/scm/doo/orchInfra/ui/constraintsFwk/menu/ProcessConstraintWorkarea_taskmenu.xml 
SCM, ORCHESTRATIONINFRASTRUCTURE, DOO, fusionapps/scm/components/orchestrationInfrastructure/doo/orchInfra/uiConstraintsFwk/public_html/WEB-INF/adfc-config.xml, view: ProcessConstraintWorkarea, /oracle/apps/scm/doo/orchInfra/ui/constraintsFwk/page/ProcessConstraintWorkarea.jspx
SCM, ORCHESTRATIONINFRASTRUCTURE, DOO, fusionapps/scm/components/orchestrationInfrastructure/doo/orchInfra/uiHoldFwk/public_html/WEB-INF/adfc-config.xml, BEAN: holdsAdminUtilBean,oracle.apps.scm.doo.orchInfra.ui.holdFwk.bean.HoldsAdminUtilBean,request;bindings:#{bindings} 
SCM, ORCHESTRATIONINFRASTRUCTURE, DOO, fusionapps/scm/components/orchestrationInfrastructure/doo/orchInfra/uiHoldFwk/public_html/WEB-INF/adfc-config.xml, BEAN: HoldsAdminWorkbench_taskmenu,oracle.apps.fnd.applcore.patterns.uishell.model.ApplicationsMenuModel,request;createHiddenNodes:false source:/WEB-INF/oracle/apps/scm/doo/orchInfra/ui/holdFwk/menu/HoldsAdminWorkbench_taskmenu.xml 
SCM, ORCHESTRATIONINFRASTRUCTURE, DOO, fusionapps/scm/components/orchestrationInfrastructure/doo/orchInfra/uiHoldFwk/public_html/WEB-INF/adfc-config.xml, view: HoldsAdminWorkbench, /oracle/apps/scm/doo/orchInfra/ui/holdFwk/page/HoldsAdminWorkbench.jspx
SCM, ORCHESTRATIONINFRASTRUCTURE, DOO, fusionapps/scm/components/orchestrationInfrastructure/doo/orchInfra/uiStatusFwk/public_html/WEB-INF/adfc-config.xml, BEAN: dooStatusFunctionTabModelBean,oracle.apps.scm.doo.orchInfra.ui.statusFwk.bean.FunctionTabModelBean,request;
SCM, ORCHESTRATIONINFRASTRUCTURE, DOO, fusionapps/scm/components/orchestrationInfrastructure/doo/orchInfra/uiStatusFwk/public_html/WEB-INF/adfc-config.xml, BEAN: dooStatusOperationTabModelBean,oracle.apps.scm.doo.orchInfra.ui.statusFwk.bean.OperationTabModelBean,request;
SCM, ORCHESTRATIONINFRASTRUCTURE, DOO, fusionapps/scm/components/orchestrationInfrastructure/doo/orchInfra/uiStatusFwk/public_html/WEB-INF/adfc-config.xml, BEAN: dooStatusExpBuilderBean,oracle.apps.scm.doo.orchInfra.ui.statusFwk.bean.StatusExpBuilderBean,request;
SCM, ORCHESTRATIONINFRASTRUCTURE, DOO, fusionapps/scm/components/orchestrationInfrastructure/doo/orchInfra/uiStatusFwk/public_html/WEB-INF/adfc-config.xml, BEAN: statusHome_taskmenu,oracle.apps.fnd.applcore.patterns.uishell.model.ApplicationsMenuModel,request;source:/WEB-INF/oracle/apps/scm/doo/orchInfra/ui/statusFwk/menu/statusHome_taskmenu.xml createHiddenNodes:false 
SCM, ORCHESTRATIONINFRASTRUCTURE, DOO, fusionapps/scm/components/orchestrationInfrastructure/doo/orchInfra/uiStatusFwk/public_html/WEB-INF/adfc-config.xml, view: statusHome, /oracle/apps/scm/doo/orchInfra/ui/statusFwk/page/statusHome.jspx
SCM, ORCHESTRATIONINFRASTRUCTURE, DOO, fusionapps/scm/components/orchestrationInfrastructure/doo/orchInfra/processDefinition/ui/public_html/WEB-INF/adfc-config.xml, BEAN: manageTaskTypesBean,oracle.apps.scm.doo.orchInfra.processDefinition.ui.bean.ManageTaskTypesBean,request;
SCM, ORCHESTRATIONINFRASTRUCTURE, DOO, fusionapps/scm/components/orchestrationInfrastructure/doo/orchInfra/processDefinition/ui/public_html/WEB-INF/adfc-config.xml, BEAN: manageOrchProcessBean,oracle.apps.scm.doo.orchInfra.processDefinition.ui.bean.ManageOrchProcessBean,request;
SCM, ORCHESTRATIONINFRASTRUCTURE, DOO, fusionapps/scm/components/orchestrationInfrastructure/doo/orchInfra/processDefinition/ui/public_html/WEB-INF/adfc-config.xml, BEAN: manageObrBean,oracle.apps.scm.doo.orchInfra.processDefinition.ui.bean.ManageObrBean,pageFlow;
SCM, ORCHESTRATIONINFRASTRUCTURE, DOO, fusionapps/scm/components/orchestrationInfrastructure/doo/orchInfra/processDefinition/ui/public_html/WEB-INF/adfc-config.xml, BEAN: ruleModelBean,oracle.apps.scm.doo.orchInfra.processDefinition.ui.bean.RuleModelBean,pageFlow;
SCM, ORCHESTRATIONINFRASTRUCTURE, DOO, fusionapps/scm/components/orchestrationInfrastructure/doo/orchInfra/processDefinition/ui/public_html/WEB-INF/adfc-config.xml, BEAN: manageOrderAttributesIdentifyingChange,oracle.apps.scm.doo.orchInfra.processDefinition.ui.bean.ManageOrderAttributesIdentifyingChangeBean,request;
SCM, ORCHESTRATIONINFRASTRUCTURE, DOO, fusionapps/scm/components/orchestrationInfrastructure/doo/orchInfra/processDefinition/ui/public_html/WEB-INF/adfc-config.xml, BEAN: DooOrchManageProcessDashBoard_taskmenu,oracle.apps.fnd.applcore.patterns.uishell.model.ApplicationsMenuModel,request;createHiddenNodes:false source:/WEB-INF/oracle/apps/scm/doo/orchInfra/processDefinition/ui/menu/DooOrchManageProcessDashBoard_taskmenu.xml 
SCM, ORCHESTRATIONINFRASTRUCTURE, DOO, fusionapps/scm/components/orchestrationInfrastructure/doo/orchInfra/processDefinition/ui/public_html/WEB-INF/adfc-config.xml, view: DooOrchManageProcessDashBoard, /oracle/apps/scm/doo/orchInfra/processDefinition/ui/page/DooOrchManageProcessDashBoard.jspx
SCM, ORCHESTRATIONINFRASTRUCTURE, DOO, fusionapps/scm/components/orchestrationInfrastructure/doo/orchInfra/publicUiEilFwk/public_html/WEB-INF/adfc-config.xml, BEAN: eilAdminUtilBean,oracle.apps.scm.doo.orchInfra.publicUi.eilFwk.bean.EilAdminUtilBean,request;
SCM, ORCHESTRATIONINFRASTRUCTURE, DOO, fusionapps/scm/components/orchestrationInfrastructure/doo/orchInfra/publicUiEilFwk/public_html/WEB-INF/adfc-config.xml, BEAN: eilMainPage_taskmenu,oracle.apps.fnd.applcore.patterns.uishell.model.ApplicationsMenuModel,request;source:/WEB-INF/oracle/apps/scm/doo/orchInfra/publicUi/eilFwk/menu/eilMainPage_taskmenu.xml createHiddenNodes:false 
SCM, ORCHESTRATIONINFRASTRUCTURE, DOO, fusionapps/scm/components/orchestrationInfrastructure/doo/orchInfra/publicUiEilFwk/public_html/WEB-INF/adfc-config.xml, view: eilMainPage, /oracle/apps/scm/doo/orchInfra/publicUi/eilFwk/page/eilMainPage.jspx
HCM, HCMBENEFITS, BENEFITS, fusionapps/hcm/components/hcmBenefits/benefits/elections/ui/public_html/WEB-INF/adfc-config.xml, BEAN: testBean,oracle.apps.hcm.benefits.elections.ui.bean.testBean,pageFlow;
SCM, PLANNING, MSC, fusionapps/scm/components/planning/msc/planning/orderPromising/publicUi/supplyRule/public_html/WEB-INF/adfc-config.xml, BEAN: WebPickerDIBean,oracle.apps.scm.advancedPlanning.planning.orderPromising.publicUi.supplyRule.bean.WebPickerDIBean,request;
FIN, RECEIVABLES, AR, fusionapps/fin/components/receivables/ar/penaltyCharges/shared/ui/public_html/WEB-INF/adfc-config.xml, view: untitled1, /oracle/apps/financials/receivables/penaltyCharges/shared/ui/page/untitled1.jspx
CRM, SALES, ZOC, fusionapps/crm/components/sales/zoc/transformContext/publicUiEditor/public_html/WEB-INF/adfc-config.xml, BEAN: ContextServiceAdminPage_taskmenu,oracle.apps.fnd.applcore.patterns.uishell.model.ApplicationsMenuModel,request;source:/WEB-INF/oracle/apps/orderCapture/core/transformContext/publicUi/editor/menu/ContextServiceAdminPage_taskmenu.xml createHiddenNodes:false 
CRM, SALES, ZOC, fusionapps/crm/components/sales/zoc/transformContext/publicUiEditor/public_html/WEB-INF/adfc-config.xml, view: ContextServiceAdminPage, /oracle/apps/orderCapture/core/transformContext/publicUi/editor/page/ContextServiceAdminPage.jspx
SCM, PRODUCTLIFECYCLEMANAGEMENT, PRODUCTCONCEPTDESIGN, fusionapps/scm/components/productLifecycleManagement/productConceptDesign/concepts/ui/public_html/WEB-INF/adfc-config.xml, view: ProposalCostForExcel, /oracle/apps/scm/productConceptDesign/concepts/ui/page/ProposalCostForExcel.jspx
SCM, COSTMANAGEMENT, CST, fusionapps/scm/components/costManagement/cst/coreSetup/costAnalysisGroups/ui/public_html/WEB-INF/adfc-config.xml, BEAN: ASMEventHandlerBean,oracle.apps.scm.costing.coreSetup.costAnalysisGroups.ui.bean.ASMEventHandlerBean,request;
SCM, PRODUCTMANAGEMENT, SUPERWEB, fusionapps/scm/components/productManagement/SuperWeb/public_html/WEB-INF/adfc-config.xml, BEAN: ItemSecurityDetailsBean,oracle.apps.scm.productManagement.bean.ItemSecurityDetailsBean,request;
SCM, PRODUCTMANAGEMENT, SUPERWEB, fusionapps/scm/components/productManagement/SuperWeb/public_html/WEB-INF/adfc-config.xml, BEAN: backing_FuncSetupRegionBean,oracle.apps.scm.productManagement.bean.FuncSetupRegionBean,backingBean;
SCM, LOGISTICS, INV, fusionapps/scm/components/logistics/inv/consignments/aging/publicUi/public_html/WEB-INF/adfc-config.xml, BEAN: index_taskmenu,oracle.apps.fnd.applcore.patterns.uishell.model.ApplicationsMenuModel,request;source:/WEB-INF/oracle/apps/scm/inventory/consignments/aging/publicUi/menu/index_taskmenu.xml createHiddenNodes:false 
FIN, PAYABLES, CE, fusionapps/fin/components/payables/ce/bankStatements/ui/public_html/WEB-INF/adfc-config.xml, BEAN: TestBean,TestBean,request;
SCM, ORDERORCHESTRATION, DOO, fusionapps/scm/components/orderOrchestration/doo/orchestration/processDefinition/ui/public_html/WEB-INF/adfc-config.xml, BEAN: ruleModelBean,oracle.apps.scm.doo.orchestration.processDefinition.ui.bean.RuleModelBean;pageFlow;, Bug 23510514
SCM, ORDERORCHESTRATION, DOO, fusionapps/scm/components/orderOrchestration/doo/orchestration/processDefinition/ui/public_html/WEB-INF/adfc-config.xml, 	BEAN: DooOrchManageProcessDashBoard_taskmenu,oracle.apps.fnd.applcore.patterns.uishell.model.ApplicationsMenuModel;request;source:/WEB-INF/oracle/apps/scm/doo/orchestration/processDefinition/ui/menu/DooOrchManageProcessDashBoard_taskmenu.xml createHiddenNodes:false, Bug 23510514
SCM, ORDERORCHESTRATION, DOO, fusionapps/scm/components/orderOrchestration/doo/orchestration/processDefinition/ui/public_html/WEB-INF/adfc-config.xml, 	BEAN: manageObrBean,oracle.apps.scm.doo.orchestration.processDefinition.ui.bean.ManageObrBean;pageFlow;, Bug 23510514
SCM, ORDERORCHESTRATION, DOO, fusionapps/scm/components/orderOrchestration/doo/orchestration/processDefinition/ui/public_html/WEB-INF/adfc-config.xml, BEAN: manageOrchProcessBean,oracle.apps.scm.doo.orchestration.processDefinition.ui.bean.ManageOrchProcessBean;request;, Bug 23510514
SCM, ORDERORCHESTRATION, DOO, fusionapps/scm/components/orderOrchestration/doo/orchestration/processDefinition/ui/public_html/WEB-INF/adfc-config.xml, BEAN: manageOrderAttributesIdentifyingChange,oracle.apps.scm.doo.orchestration.processDefinition.ui.bean.ManageOrderAttributesIdentifyingChangeBean;request;, Bug 23510514
SCM, ORDERORCHESTRATION, DOO, fusionapps/scm/components/orderOrchestration/doo/orchestration/processDefinition/ui/public_html/WEB-INF/adfc-config.xml, BEAN: manageTaskTypesBean,oracle.apps.scm.doo.orchestration.processDefinition.ui.bean.ManageTaskTypesBean;request;, Bug 23510514
SCM, ORDERORCHESTRATION, DOO, fusionapps/scm/components/orderOrchestration/doo/orchestration/processDefinition/ui/public_html/WEB-INF/adfc-config.xml, view: DooOrchManageProcessDashBoard,/oracle/apps/scm/doo/orchestration/processDefinition/ui/page/DooOrchManageProcessDashBoard.jspx, Bug 23510514
SCM, ORDERORCHESTRATION, DOO, fusionapps/scm/components/orderOrchestration/doo/common/constraints/ui/public_html/WEB-INF/adfc-config.xml, BEAN: ProcessConstraintWorkarea_taskmenu,oracle.apps.fnd.applcore.patterns.uishell.model.ApplicationsMenuModel;request;createHiddenNodes:false source:/WEB-INF/oracle/apps/scm/doo/common/constraints/ui/menu/ProcessConstraintWorkarea_taskmenu.xml, Bug 23582929
SCM, ORDERORCHESTRATION, DOO, fusionapps/scm/components/orderOrchestration/doo/common/constraints/ui/public_html/WEB-INF/adfc-config.xml, view: ProcessConstraintWorkarea,/oracle/apps/scm/doo/common/constraints/ui/page/ProcessConstraintWorkarea.jspx, Bug 23582929
